Serial,UID,Pin,Url
784,UvxgJzCpomPM9Xgu,75243,https://magnethub.selisestage.com/verifyUvxgJzCpomPM9Xgu
785,L-Z4Jz7Qw33F_CU4,80115,https://magnethub.selisestage.com/verifyL-Z4Jz7Qw33F_CU4
786,UupgNDa6wX-viHhc,34626,https://magnethub.selisestage.com/verifyUupgNDa6wX-viHhc
787,K4ZgJzaryByy4Hhc,79440,https://magnethub.selisestage.com/verifyK4ZgJzaryByy4Hhc
788,K-RwYTbQw3vF4nsk,93380,https://magnethub.selisestage.com/verifyK-RwYTbQw3vF4nsk
789,K-RwMzbQw3vF4nsk,73388,https://magnethub.selisestage.com/verifyK-RwMzbQw3vF4nsk
790,K-RwXTbQw3vF4nsk,93389,https://magnethub.selisestage.com/verifyK-RwXTbQw3vF4nsk
791,K4ZgJzaryCSy4Hhc,79441,https://magnethub.selisestage.com/verifyK4ZgJzaryCSy4Hhc
792,UupgNDa6wX-vunhc,34626,https://magnethub.selisestage.com/verifyUupgNDa6wX-vunhc
793,PYZ7VzbM2CuvsG8_,27753,https://magnethub.selisestage.com/verifyPYZ7VzbM2CuvsG8_
