Serial,UID,Pin,Url
754,K4ZtNDbK2AP8km8_,30563,https://magnethub.selisestage.com/verifyK4ZtNDbK2AP8km8_
755,MIZ_Jzyqw33FnCou,94345,https://magnethub.selisestage.com/verifyMIZ_Jzyqw33FnCou
756,Uul7L0bM0CuvsT0q,35533,https://magnethub.selisestage.com/verifyUul7L0bM0CuvsT0q
757,MPtiJybQw33F_HYu,88745,https://magnethub.selisestage.com/verifyMPtiJybQw33F_HYu
758,PYZ7VzbM2CuvrG8_,27753,https://magnethub.selisestage.com/verifyPYZ7VzbM2CuvrG8_
759,K4Z7IjbK2GPSkm8_,10554,https://magnethub.selisestage.com/verifyK4Z7IjbK2GPSkm8_
760,L-RiJybQw33F_Hc4,73345,https://magnethub.selisestage.com/verifyL-RiJybQw33F_Hc4
761,K4ZtNDbK2GPgkm8_,30569,https://magnethub.selisestage.com/verifyK4ZtNDbK2GPgkm8_
762,OP97TTa_2AuvgG8_,37259,https://magnethub.selisestage.com/verifyOP97TTa_2AuvgG8_
763,OP97TTa_2Auvmm8_,37259,https://magnethub.selisestage.com/verifyOP97TTa_2Auvmm8_
